{
    "Josh.attlocal.net": {
        "system_info": {
            "processor": "arm",
            "cpu_cores": 8,
            "cpu_logical_processors": 8,
            "ram": "32.00 GB"
        },
        "performance": {
            "cpu_matrix_multiplication": 0.13310847282409669,
            "gpu_matrix_multiplication": 0.03783860206604004,
            "memory_operations": 1.2831255912780761,
            "kmeans_clustering": 0.08637943267822265,
            "pandas_data_manipulation": 0.04550590515136719
        }
    },
    "WINDOWS-27U4420": {
        "system_info": {
            "processor": "x86_64",
            "cpu_cores": 6,
            "cpu_logical_processors": 12,
            "ram": "31.23 GB",
            "gpu_name": "Quadro T2000",
            "gpu_capability": [
                7,
                5
            ]
        },
        "performance": {
            "cpu_matrix_multiplication": 0.17102546691894532,
            "gpu_matrix_multiplication": 0.00012111663818359375,
            "memory_operations": 0.5997705936431885,
            "kmeans_clustering": 0.07887043952941894,
            "pandas_data_manipulation": 0.032120800018310545
        }
    }
}