{
    "Josh.attlocal.net": {
        "system_info": {
            "processor": "arm",
            "cpu_cores": 8,
            "cpu_logical_processors": 8,
            "ram": "32.00 GB"
        },
        "performance": {
            "cpu_matrix_multiplication": 0.13310847282409669,
            "gpu_matrix_multiplication": 0.03783860206604004,
            "memory_operations": 1.2831255912780761,
            "kmeans_clustering": 0.08637943267822265,
            "pandas_data_manipulation": 0.04550590515136719
        }
    }
}